{
    "pages" : [
        //pages数组中第一项表示应用启动页，参考：https://uniapp.dcloud.io/collocation/pages
        {
            "path" : "pages/index/index",
            "style" : {
                "navigationBarTitleText" : "grace news",
				"enablePullDownRefresh":true
            }
        },
        {
            "path" : "pages/article-info/article-info",
            "style" : {}
        }
    ],
    "globalStyle" : {
        "navigationBarTextStyle" : "black",
        "navigationBarTitleText" : "grace news",
        "navigationBarBackgroundColor" : "#F8F8F8",
        "backgroundColor" : "#F8F8F8"
    }
}
